City or municipality,Population share (%),Population (2024),Area (km2),Area (sq mi),Density (per km2),Density (per sq mi),Incorporated (city)
Caloocan,12.2,1712945,55.8,21.54,31000,80000,1962
Las Piñas,4.4,615549,32.69,12.62,19000,49000,1997
Makati,2.2,309770,18.17,7.02,17000,44000,1995
Malabon,2.8,389929,15.71,6.07,25000,65000,2001
Mandaluyong,3.3,465902,11.26,4.35,41000,110000,1994
† Manila,13.6,1902590,42.34,16.35,45000,120000,1571
Marikina,3.4,471323,21.52,8.31,22000,57000,1996
Muntinlupa,3.9,552225,39.75,15.35,14000,36000,1995
Navotas,1.8,252878,8.94,3.45,28000,73000,2007
Parañaque,5.0,703245,46.57,17.98,15000,39000,1998
Pasay,3.2,453186,13.97,5.39,32000,83000,1947
Pasig,6.1,853050,48.46,18.71,18000,47000,1995
Pateros,0.5,67319,1.66,0.64,41000,110000,1909 (Not a city)
Quezon City,22.0,3084270,171.71,66.3,18000,47000,1939
San Juan,1.0,134312,5.95,2.3,23000,60000,2007
Taguig,9.3,1308085,47.28,18.25,28000,73000,2004
Valenzuela,5.2,725173,47.02,18.15,15000,39000,1998
Total,,14001751,636.0,245.56,22000,57000,
